,SeniorCitizen,tenure,MonthlyCharges,TotalCharges
count,5625.0,5625.0,5625.0,5625.0
mean,0.1607111111111111,32.33528888888889,64.69743111111111,2275.300871111111
std,0.367296928042066,24.537143604736013,30.173947563319835,2265.0832468966237
min,0.0,1.0,18.25,18.85
25%,0.0,9.0,35.2,397.0
50%,0.0,29.0,70.35,1388.0
75%,0.0,55.0,89.9,3767.4
max,1.0,72.0,118.75,8684.8
